Calidad de usuario,Share Frequency,Dia (nombre) afiliacion,Edad,Dia afiliacion,Hora afiliacion,Number of Records,Categoria Dominante,Concursos Participados,difference_last_and_first_share,difference_last_raffle_first_share,Fecha Afiliacion,Genero,hascode,Id,Nacimiento,Premios Canjeados,Puntos,Puntos Gastados,Puntos Historicos,Recruitments,Shares Totales,stdv_share_difference,Tickets Canjeados,Uni
[5] Usuario perdido,8.153846154,Miércoles,,2,23,1,VIAJES,2,530,424,27/06/2013 02:05:44,F,0,10,,3,8229,31000,39229,0,65,25.2546,2,Ninguna
[5] Usuario perdido,45,Jueves,,3,15,1,MISC,1,315,22,27/06/2013 18:24:15,F,0,14,,0,982,250,1232,0,7,63.9993,1,Ninguna
[5] Usuario perdido,24.45,Jueves,,3,16,1,M,3,489,378,27/06/2013 19:01:25,NA,0,23,,0,24910,1200,26110,0,20,48.394,9,Ninguna
[5] Usuario perdido,21.357142857,Jueves,,3,14,1,IDEAS,1,299,0,04/07/2013 17:32:15,M,0,85,,0,172,500,672,0,14,31.3786,2,Ninguna
[5] Usuario perdido,0.083333333,Jueves,,3,16,1,DEPORTES,1,1,-2,10/10/2013 19:32:53,NA,1,268,,0,424,400,824,0,12,0.2875,1,Pontificia Universidad Cat
[6] No capturado,0,Viernes,,4,22,1,MISC,2,0,0,12/10/2013 01:42:26,F,1,328,,0,332,700,1032,0,1,-1,2,Universidad Finis Terrae
[7] No interesado/No comprendió,,Sábado,,5,16,1,NA,2,-1,-1,12/10/2013 19:37:16,F,1,335,,0,0,600,600,0,0,-1,2,Pontificia Universidad Cat
[5] Usuario perdido,7.941176471,Domingo,,6,17,1,M,4,135,88,13/10/2013 20:28:40,M,0,348,,0,74,2550,2624,0,17,16.443,5,Ninguna
[7] No interesado/No comprendió,,Domingo,,6,21,1,NA,1,-1,-1,14/10/2013 00:29:54,NA,1,359,,0,100,500,600,0,0,-1,1,Universidad Adolfo Ib
[6] No capturado,0,Domingo,,6,21,1,MISC,5,0,0,14/10/2013 00:51:46,F,0,361,,0,3180,3300,6480,0,2,0,9,Ninguna
[5] Usuario perdido,1,Lunes,,0,0,1,CINE,2,6,0,14/10/2013 03:24:44,NA,0,375,,0,72,600,672,0,6,2.4,2,Ninguna
[3] Semanal por un mes,5.9,Lunes,,0,11,1,MISC,2,59,57,14/10/2013 14:42:54,NA,0,389,,0,1736,400,2136,0,10,9.4529,3,Ninguna
[5] Usuario perdido,8.619047619,Lunes,,0,14,1,CINE,3,181,178,14/10/2013 17:51:16,NA,0,398,,0,115,1800,1915,0,21,23.7749,7,Ninguna
[3] Semanal por un mes,3.916666667,Lunes,,0,18,1,DEPORTES,5,47,40,14/10/2013 21:01:20,NA,0,406,,0,334,2250,2584,0,12,7.0206,6,Ninguna
[5] Usuario perdido,5,Martes,,1,11,1,MISC,3,25,17,15/10/2013 14:46:04,NA,0,423,,0,148,6100,6248,0,5,7.0134,15,Ninguna
[7] No interesado/No comprendió,,Martes,,1,12,1,NA,1,-1,-1,15/10/2013 15:51:20,NA,1,430,,0,0,600,600,0,0,-1,3,Pontificia Universidad Cat
[5] Usuario perdido,12.571428571,Martes,,1,17,1,CINE,3,176,125,15/10/2013 20:52:18,M,0,453,,0,1004,1850,2854,0,14,34.103,3,Ninguna
[5] Usuario perdido,4.142857143,Miércoles,,2,20,1,M,1,29,28,16/10/2013 23:26:33,NA,0,487,,0,613,500,1113,0,7,10.8077,1,Ninguna
[6] No capturado,0,Miércoles,,2,21,1,VIDEOJUEGOS,2,0,0,17/10/2013 00:48:08,NA,0,490,,0,1611,1500,3111,0,6,0,3,Ninguna
[5] Usuario perdido,0.166666667,Jueves,,3,16,1,VIDEOJUEGOS,1,1,0,17/10/2013 19:16:19,F,0,506,,0,1332,500,1832,0,6,0.4,1,Ninguna
[7] No interesado/No comprendió,,Jueves,,3,16,1,NA,1,-1,-1,17/10/2013 19:47:15,NA,1,510,,0,100,200,300,0,0,-1,1,Pontificia Universidad Cat
[6] No capturado,0,Jueves,,3,19,1,VIDEOJUEGOS,1,0,-1,17/10/2013 22:44:05,M,0,518,,0,260,100,360,0,2,0,1,Ninguna
[4] Usuario semanal constante,5.5,Domingo,,6,10,1,VIDEOJUEGOS,2,88,71,20/10/2013 13:35:43,M,0,550,,0,370,250,620,0,16,17.0406,2,Ninguna
[5] Usuario perdido,0.75,Domingo,,6,22,1,MISC,1,3,0,21/10/2013 01:01:11,NA,1,573,,0,110,500,610,0,4,1.4142,1,Pontificia Universidad Cat
[5] Usuario perdido,1.142857143,Martes,,1,15,1,M,1,16,15,22/10/2013 18:39:43,F,0,605,,0,350,800,1150,0,14,2.6934,2,Ninguna
[6] No capturado,0,Martes,,1,19,1,CINE,2,0,0,22/10/2013 22:50:33,NA,1,607,,0,0,300,300,0,1,-1,2,Pontificia Universidad Cat
[5] Usuario perdido,0.4,Martes,,1,22,1,M,1,2,-4,23/10/2013 01:44:18,NA,0,611,,0,423,200,623,0,5,0.866,1,Ninguna
[5] Usuario perdido,0.235294118,Miércoles,,2,10,1,M,4,4,4,23/10/2013 13:21:44,F,0,621,,0,188,1800,1988,0,17,0.559,6,Ninguna
[6] No capturado,0,Miércoles,,2,16,1,MISC,2,0,0,23/10/2013 19:00:08,F,0,631,,0,1251,800,2051,0,4,0,2,Ninguna
[6] No capturado,0,Miércoles,,2,18,1,MISC,2,0,0,23/10/2013 21:03:42,F,1,636,,0,20,700,720,0,2,0,2,Pontificia Universidad Cat
[6] No capturado,0,Jueves,,3,17,1,VIDEOJUEGOS,2,0,-4,24/10/2013 20:43:26,F,0,655,,0,135,600,735,0,2,0,2,Ninguna
[6] No capturado,0,Jueves,,3,23,1,CINE,1,0,-43,25/10/2013 02:24:26,M,0,657,,0,908,300,1208,0,3,0,2,Ninguna
[5] Usuario perdido,0.333333333,Sábado,,5,1,1,MISC,1,1,1,26/10/2013 04:01:55,M,0,687,,0,10,200,210,0,3,0.5,1,Ninguna
[5] Usuario perdido,0.1,Sábado,,5,11,1,CINE,1,1,-1,26/10/2013 14:33:34,NA,0,695,,0,15,800,815,0,10,0.3143,1,Ninguna
[5] Usuario perdido,0.75,Domingo,,6,12,1,MISC,1,3,0,27/10/2013 15:47:20,F,0,726,,0,368,500,868,0,4,0.8165,1,Ninguna
[3] Semanal por un mes,2.052631579,Jueves,,3,16,1,M,4,39,36,31/10/2013 19:58:04,M,0,806,,0,50,14650,14700,0,19,4.0449,52,Ninguna
[6] No capturado,0,Domingo,,6,17,1,DEPORTES,1,0,0,03/11/2013 20:02:14,NA,0,825,,0,825,400,1225,0,18,0,1,Ninguna
[6] No capturado,0,Domingo,,6,21,1,DEPORTES,1,0,0,04/11/2013 00:30:42,M,0,831,,0,104,800,904,0,15,0,2,Ninguna
[4] Usuario semanal constante,6.235294118,Martes,,1,7,1,CINE,1,106,91,05/11/2013 10:57:48,F,0,847,,0,2323,150,2473,0,17,18.604,1,Ninguna
[5] Usuario perdido,3,Miércoles,,2,16,1,DEPORTES,1,9,-48,06/11/2013 19:43:13,F,0,866,,0,8,600,608,0,3,4.5,1,Ninguna
[1] Diario por un mes,0.676470588,Jueves,,3,20,1,DEPORTES,1,23,4,07/11/2013 23:13:04,NA,0,893,,0,258,4000,4258,0,34,2.4182,10,Ninguna
[6] No capturado,0,Viernes,,4,15,1,VIDEOJUEGOS,2,0,0,08/11/2013 18:40:40,F,0,903,,0,270,900,1170,0,18,0,2,Ninguna
[5] Usuario perdido,0.333333333,Lunes,,0,21,1,DEPORTES,1,2,1,12/11/2013 00:06:54,NA,0,935,,0,92,500,592,0,6,0.4899,1,Ninguna
[6] No capturado,0,Jueves,,3,0,1,VIDEOJUEGOS,1,0,0,14/11/2013 03:45:51,M,0,993,,0,250,800,1050,0,8,0,2,Ninguna
[3] Semanal por un mes,4.888888889,Viernes,,4,13,1,IDEAS,2,44,42,15/11/2013 16:36:54,NA,0,1034,,0,112,3000,3112,0,9,4.0927,17,Ninguna
[6] No capturado,0,Domingo,,6,19,1,M,1,0,-1,17/11/2013 22:35:05,M,0,1057,,0,30,450,480,0,2,0,3,Ninguna
[5] Usuario perdido,0.2,Jueves,,3,15,1,DEPORTES,1,1,0,21/11/2013 18:48:23,M,0,1091,,0,91,400,491,0,5,0.433,1,Ninguna
[6] No capturado,0,Sábado,,5,23,1,VIDEOJUEGOS,1,0,0,24/11/2013 02:07:52,NA,0,1109,,0,50,400,450,0,3,0,1,Ninguna
[5] Usuario perdido,1.714285714,Domingo,,6,14,1,MISC,1,12,9,24/11/2013 17:21:41,F,0,1114,,0,332,300,632,0,7,2.8868,2,Ninguna
[5] Usuario perdido,10.166666667,Domingo,,6,19,1,M,5,61,59,24/11/2013 22:33:46,M,0,1118,,0,754,2400,3154,0,6,12.1062,6,Ninguna
[5] Usuario perdido,15.923076923,Miércoles,,2,2,1,VIDEOJUEGOS,1,207,0,27/11/2013 05:10:15,M,0,1137,,0,1158,500,1658,0,13,53.641,5,Ninguna
[6] No capturado,0,Jueves,,3,10,1,DEPORTES,2,0,0,28/11/2013 13:38:09,NA,0,1163,,0,2921,5250,8171,0,42,0,30,Ninguna
[1] Diario por un mes,0.555555556,Jueves,,3,13,1,VIDEOJUEGOS,3,15,15,28/11/2013 16:38:28,NA,0,1168,,0,561,5600,6161,0,27,1.8641,11,Ninguna
[5] Usuario perdido,0.25,Sábado,,5,14,1,MISC,5,2,2,30/11/2013 17:24:22,NA,0,1194,,0,2567,3550,6117,0,8,0.6999,6,Ninguna
[6] No capturado,0,Lunes,,0,16,1,MISC,1,0,0,02/12/2013 19:26:28,NA,0,1231,,0,2774,3200,5974,0,7,0,4,Ninguna
[5] Usuario perdido,0.25,Martes,,1,12,1,VIDEOJUEGOS,1,1,0,03/12/2013 15:50:31,M,0,1247,,0,721,150,871,0,4,0.4714,1,Ninguna
[5] Usuario perdido,1.75,Miércoles,,2,0,1,MISC,1,7,0,04/12/2013 03:31:36,M,0,1253,,0,56,150,206,0,4,3.2998,1,Ninguna
[5] Usuario perdido,0.052631579,Miércoles,,2,17,1,M,1,1,1,04/12/2013 20:31:27,M,1,1264,,0,707,2400,3107,0,19,0.2291,3,Universidad T
[5] Usuario perdido,0.357142857,Miércoles,,2,17,1,MISC,2,5,5,04/12/2013 20:53:37,NA,1,1265,,0,324,1600,1924,0,14,1.0769,2,Universidad del Desarrollo
[6] No capturado,0,Miércoles,,2,22,1,DEPORTES,2,0,0,05/12/2013 01:30:58,F,0,1271,,0,108,4100,4208,0,28,0,24,Ninguna
[5] Usuario perdido,1,Miércoles,,2,22,1,M,1,2,-2,05/12/2013 01:43:40,M,0,1273,,0,58,150,208,0,2,0,1,Ninguna
[5] Usuario perdido,0.05,Jueves,,3,16,1,M,4,1,1,05/12/2013 19:31:10,NA,0,1294,,0,676,2650,3326,0,20,0.2233,7,Ninguna
[6] No capturado,0,Jueves,,3,17,1,DEPORTES,3,0,0,05/12/2013 20:50:58,F,0,1296,,0,89,1600,1689,0,24,0,3,Ninguna
[5] Usuario perdido,0.333333333,Viernes,,4,18,1,MISC,1,1,-30,06/12/2013 21:50:58,NA,0,1320,,0,140,500,640,0,3,0.5,1,Ninguna
[6] No capturado,0,Miércoles,,2,16,1,NA,1,0,-23,18/12/2013 19:54:43,M,0,1407,,0,148,300,448,0,1,-1,1,Ninguna
[1] Diario por un mes,0.101265823,Lunes,,0,10,1,M,1,8,0,23/12/2013 13:37:26,M,0,1422,,0,3808,1200,5008,0,79,0.3786,2,Ninguna
[6] No capturado,0,Jueves,,3,10,1,M,2,0,0,09/01/2014 13:35:25,M,0,1471,,0,212,2500,2712,0,7,0,15,Ninguna
[3] Semanal por un mes,4.7,Jueves,,3,14,1,VIDEOJUEGOS,1,47,46,09/01/2014 17:04:35,F,0,1487,,0,480,500,980,0,10,10.075,1,Ninguna
[6] No capturado,0,Jueves,,3,23,1,VIDEOJUEGOS,1,0,0,17/01/2014 02:25:46,M,0,1569,,0,9,300,309,0,9,0,1,Ninguna
[3] Semanal por un mes,2.809523810,Lunes,,0,13,1,IDEAS,1,59,16,20/01/2014 16:05:57,F,0,1571,,0,468,500,968,0,21,5.6963,1,Ninguna
[5] Usuario perdido,15.5,Sábado,,5,13,1,CINE,1,124,67,15/02/2014 16:45:30,F,0,1615,,0,732,300,1032,0,8,13.8431,1,Ninguna
[5] Usuario perdido,0.5,Lunes,,0,23,1,MISC,1,1,1,25/03/2014 02:41:10,F,0,2180,,0,110,250,360,0,2,0,1,Ninguna
[6] No capturado,0,Martes,,1,23,1,CINE,1,0,0,26/03/2014 02:04:56,F,0,2189,,0,14,250,264,0,6,0,1,Ninguna
[6] No capturado,0,Sábado,,5,11,1,MISC,1,0,0,29/03/2014 14:39:40,M,0,2204,,0,230,250,480,0,2,0,1,Ninguna
[3] Semanal por un mes,2,Miércoles,,2,10,1,DEPORTES,1,58,58,02/04/2014 13:16:09,M,0,2218,,0,1764,700,2464,0,29,9.4375,1,Ninguna
[3] Semanal por un mes,3.5,Miércoles,,2,21,1,M,4,42,42,03/04/2014 00:10:30,F,0,2222,,0,306,3750,4056,0,12,6.0275,15,Ninguna
[6] No capturado,0,Martes,,1,18,1,M,1,0,-44,08/04/2014 21:55:56,F,0,2258,,0,84,300,384,1,10,0,1,Ninguna
[5] Usuario perdido,0.375,Jueves,,3,21,1,DEPORTES,1,3,-4,11/04/2014 00:24:44,M,0,2281,,0,184,600,784,0,8,0.7284,2,Ninguna
[5] Usuario perdido,0.428571429,Miércoles,,2,22,1,M,1,6,0,24/04/2014 01:19:21,F,0,2361,,0,78,1250,1328,0,14,0.9295,5,Ninguna
[5] Usuario perdido,0.142857143,Domingo,,6,23,1,MISC,1,1,0,09/06/2014 02:57:04,NA,0,2464,,0,508,500,1008,0,7,0.3727,2,Ninguna
[5] Usuario perdido,0.6,Lunes,,0,23,1,VIAJES,3,3,1,17/06/2014 02:51:35,F,0,2485,,0,90,750,840,0,5,0.8292,3,Ninguna
[6] No capturado,0,Jueves,,3,22,1,DEPORTES,1,0,0,20/06/2014 01:42:25,F,0,2491,,0,134,250,384,0,6,0,1,Ninguna
[5] Usuario perdido,0.217391304,Viernes,49,4,20,1,M,1,5,5,14/03/2014 23:02:46,F,0,2119,23/12/1966,0,2,1600,1602,0,23,0.5979,8,Ninguna
[1] Diario por un mes,0.472222222,Viernes,45,4,6,1,IDEAS,4,17,16,29/11/2013 09:17:42,M,0,1176,12/10/1970,0,408,14100,14508,0,36,1.1051,27,Ninguna
[5] Usuario perdido,31.666666667,Jueves,38,3,18,1,VIDEOJUEGOS,1,95,-95,05/12/2013 21:17:24,M,0,1298,12/01/1977,0,164,250,414,0,3,47.5,1,Universidad Finis Terrae
[5] Usuario perdido,12.416666667,Miércoles,37,2,17,1,M,1,149,-53,06/11/2013 20:03:58,M,0,867,16/04/1978,1,3799,20000,23799,0,12,29.9799,10,Ninguna
[4] Usuario semanal constante,5.428571429,Jueves,35,3,23,1,DEPORTES,10,266,168,12/07/2013 02:30:15,M,0,191,20/04/1980,0,236,9200,9436,0,49,16.2749,16,Universidad del B
[5] Usuario perdido,1.857142857,Jueves,35,3,17,1,DEPORTES,2,26,20,10/10/2013 20:13:38,M,0,272,30/07/1980,0,603,1800,2403,0,14,2.0381,2,Universidad Mayor
[4] Usuario semanal constante,3.733333333,Jueves,33,3,15,1,VIDEOJUEGOS,2,112,104,05/12/2013 18:04:11,M,0,1289,23/03/1982,0,52,3300,3352,0,30,10.1122,15,Universidad de Santiago de Chile
[5] Usuario perdido,7.727272727,Martes,32,1,19,1,VIDEOJUEGOS,2,85,85,15/10/2013 22:46:07,F,0,460,13/07/1983,0,2315,4000,6315,0,11,18.6293,4,Universidad del Desarrollo
[4] Usuario semanal constante,4.513513514,Lunes,32,0,21,1,CINE,2,167,167,15/10/2013 00:00:20,M,0,409,04/08/1983,0,619,69000,69619,0,37,10.4114,87,Ninguna
[2] Usuario diario constante,0.688191882,Martes,31,1,18,1,VIAJES,14,373,373,03/12/2013 21:41:37,M,0,1248,22/05/1984,0,121,63850,63971,0,542,4.1913,297,Ninguna
[5] Usuario perdido,14.5,Jueves,30,3,16,1,DEPORTES,2,116,12,04/07/2013 19:00:46,M,0,88,02/01/1985,0,422,950,1372,0,8,28.091,3,Universidad Diego Portales
[4] Usuario semanal constante,3.5,Lunes,30,0,18,1,VIAJES,3,168,161,14/10/2013 21:35:04,M,0,408,04/03/1985,2,2248,26100,28348,0,48,12.566,17,Pontificia Universidad Cat
[5] Usuario perdido,2.2,Domingo,30,6,22,1,DEPORTES,2,22,8,14/10/2013 01:37:02,M,0,363,16/03/1985,0,82,4400,4482,0,10,4.81,9,Universidad Nacional Andr
[4] Usuario semanal constante,1.722222222,Jueves,30,3,15,1,M,9,155,154,05/12/2013 18:21:32,M,0,1290,26/07/1985,0,1532,21650,23182,0,90,2.5018,61,Universidad Tecnol
[3] Semanal por un mes,6.875,Lunes,30,0,14,1,DEPORTES,1,55,-36,28/10/2013 17:02:21,M,0,749,09/10/1985,0,1665,1400,3065,0,8,10.5753,1,Universidad de Las Am
[5] Usuario perdido,12.538461538,Lunes,30,0,12,1,DEPORTES,1,163,159,14/10/2013 15:07:48,F,0,391,13/12/1985,0,1066,5600,6666,0,13,35.2856,14,Universidad Nacional Andr
[3] Semanal por un mes,5,Martes,29,1,15,1,M,2,30,30,12/11/2013 18:07:59,F,0,942,29/01/1986,0,111,5500,5611,0,6,6.5727,18,Ninguna
[5] Usuario perdido,14.55,Viernes,29,4,10,1,CINE,5,291,182,28/06/2013 13:52:29,M,0,53,16/02/1986,0,3317,12350,15667,0,20,25.0726,30,Ninguna
[5] Usuario perdido,51.5,Jueves,29,3,12,1,M,2,103,0,04/07/2013 15:16:24,M,0,82,18/02/1986,0,52,1100,1152,0,2,0,2,Universidad Adolfo Ib
[5] Usuario perdido,25.5,Viernes,29,4,13,1,VIDEOJUEGOS,2,102,7,12/07/2013 16:27:42,M,0,221,11/03/1986,0,1456,6200,7656,0,4,43.2281,9,Ninguna
[5] Usuario perdido,10.3125,Domingo,29,6,22,1,VIDEOJUEGOS,1,165,-2,01/07/2013 01:54:42,M,0,69,12/04/1986,0,100,3200,3300,0,16,35.3346,8,Ninguna
[5] Usuario perdido,15.32,Viernes,29,4,10,1,VIAJES,4,383,364,11/10/2013 13:03:22,M,0,303,20/04/1986,0,421,25700,26121,0,25,51.2189,65,Universidad de Chile
[1] Diario por un mes,0.666666667,Martes,29,1,17,1,M,3,8,7,15/10/2013 20:24:28,F,0,452,01/05/1986,0,312,1800,2112,0,12,1.7104,4,Universidad de Valpara
[5] Usuario perdido,4.666666667,Viernes,29,4,1,1,MISC,2,14,14,11/10/2013 04:55:19,M,1,299,14/05/1986,0,672,900,1572,0,3,7,2,Ninguna
[0] Diario por una semana,0.625,Miércoles,29,2,11,1,VIAJES,4,40,39,16/10/2013 14:36:10,M,0,477,18/05/1986,1,1451,103000,104451,0,64,2.1551,83,Universidad Nacional Andr
[4] Usuario semanal constante,4.522388060,Miércoles,29,2,17,1,M,4,303,303,04/12/2013 20:16:19,M,1,1262,23/05/1986,0,672,10800,11472,0,67,18.575,18,Universidad Nacional Andr
[5] Usuario perdido,1.933333333,Domingo,29,6,18,1,M,2,29,19,13/10/2013 21:38:32,F,0,352,31/07/1986,0,148,900,1048,0,15,3.8815,2,Pontificia Universidad Cat
[5] Usuario perdido,2.9,Viernes,29,4,14,1,M,4,29,27,11/10/2013 17:02:25,F,0,320,14/10/1986,0,3399,4200,7599,0,10,6.3732,10,Universidad Mayor
[5] Usuario perdido,2.545454545,Miércoles,29,2,18,1,CINE,3,28,27,06/11/2013 21:34:14,M,0,869,29/10/1986,0,888,9000,9888,0,11,2.9933,15,Universidad Cat
[5] Usuario perdido,2.8,Miércoles,29,2,0,1,MISC,2,14,5,23/10/2013 03:35:22,F,0,615,24/11/1986,0,340,800,1140,0,5,3.2016,2,Pontificia Universidad Cat
[5] Usuario perdido,8.64,Viernes,29,4,1,1,IDEAS,5,216,216,25/10/2013 04:52:55,M,0,661,08/12/1986,0,90617,22900,113517,0,25,14.9499,25,Ninguna
[5] Usuario perdido,15.7,Miércoles,28,2,17,1,IDEAS,3,314,314,13/11/2013 20:55:31,F,0,978,08/03/1987,0,3944,3850,7794,0,20,60.0792,10,Universidad Adolfo Ib
[0] Diario por una semana,0.966101695,Lunes,28,0,0,1,IDEAS,3,57,35,18/11/2013 03:34:34,M,0,1071,14/04/1987,0,14287,2050,16337,0,59,2.8677,5,Pontificia Universidad Cat
[5] Usuario perdido,8.363636364,Jueves,28,3,17,1,IDEAS,5,92,91,10/10/2013 20:58:18,M,1,276,30/06/1987,0,8918,10850,19768,0,11,8.2801,36,Ninguna
[5] Usuario perdido,0.166666667,Martes,28,1,0,1,CINE,2,2,2,26/11/2013 03:58:25,M,0,1125,03/07/1987,0,256,1850,2106,0,12,0.575,9,Ninguna
[5] Usuario perdido,33,Jueves,28,3,16,1,DEPORTES,4,231,219,10/10/2013 19:33:58,F,0,269,20/07/1987,0,1488,6200,7688,0,7,50.6055,7,Pontificia Universidad Cat
[3] Semanal por un mes,1.617647059,Jueves,28,3,16,1,M,2,55,23,10/10/2013 19:34:28,M,0,270,02/08/1987,0,16591,650,17241,0,34,2.9302,2,Universidad del Desarrollo
[4] Usuario semanal constante,5.471698113,Lunes,28,0,21,1,IDEAS,2,290,280,08/10/2013 00:09:30,M,1,249,20/08/1987,0,6103,1400,7503,0,53,9.9486,3,Universidad T
[5] Usuario perdido,46.2,Miércoles,28,2,23,1,MISC,2,231,218,09/01/2014 02:48:03,F,0,1470,09/09/1987,0,8976,8000,16976,13,5,99.4494,21,Universidad de Chile
[1] Diario por un mes,0.75,Lunes,28,0,12,1,VIDEOJUEGOS,2,9,4,21/10/2013 15:33:12,F,0,580,29/09/1987,0,382,900,1282,0,12,1.9917,2,Universidad Internacional SEK
[4] Usuario semanal constante,5.047619048,Viernes,28,4,12,1,VIAJES,6,424,421,11/10/2013 15:48:11,F,0,311,16/10/1987,0,48620,4550,53170,0,84,18.1911,9,Universidad Tecnol
[6] No capturado,0,Sábado,27,5,13,1,CINE,2,0,0,26/10/2013 16:41:38,M,0,699,06/01/1988,0,198,2600,2798,0,25,0,4,Universidad Nacional Andr
[6] No capturado,0,Miércoles,27,2,12,1,MISC,1,0,-8,30/10/2013 15:11:33,F,0,793,29/02/1988,0,131,500,631,0,1,-1,1,Universidad Tecnol
[5] Usuario perdido,13.409090909,Sábado,27,5,14,1,VIAJES,2,295,262,22/02/2014 17:36:31,M,0,1880,06/03/1988,0,8598,1900,10498,0,22,24.9313,5,Ninguna
[6] No capturado,0,Miércoles,27,2,11,1,MISC,1,0,-1,16/10/2013 14:45:52,F,0,479,19/03/1988,0,388,350,738,0,1,-1,2,Universidad de Las Am
[4] Usuario semanal constante,3.21875,Jueves,27,3,14,1,DEPORTES,3,103,103,21/11/2013 17:14:55,M,0,1090,04/07/1988,0,276,7150,7426,0,32,7.0683,37,Ninguna
[3] Semanal por un mes,5.625,Jueves,27,3,18,1,M,8,45,38,10/10/2013 21:06:29,F,1,277,06/07/1988,0,5459,4650,10109,0,8,7.0073,15,Universidad Nacional Andr
[5] Usuario perdido,1.333333333,Domingo,27,6,23,1,CINE,3,12,1,14/10/2013 02:33:01,F,0,371,12/09/1988,0,127,1250,1377,0,9,2.8723,4,Universidad Mayor
[4] Usuario semanal constante,4.355555556,Lunes,27,0,15,1,IDEAS,16,196,196,11/11/2013 18:36:04,F,0,932,14/09/1988,1,2497,25050,27547,0,45,11.5137,49,Universidad Nacional Andr
[1] Diario por un mes,0.391304348,Jueves,27,3,14,1,DEPORTES,2,9,7,27/03/2014 17:38:15,M,0,2195,27/10/1988,0,778,3200,3978,0,23,0.8344,11,Universidad Gabriela Mistral
[1] Diario por un mes,0.866666667,Viernes,27,4,12,1,VIDEOJUEGOS,2,13,0,11/10/2013 15:31:48,F,0,309,07/11/1988,0,510,900,1410,0,15,3.0814,2,Ninguna
[4] Usuario semanal constante,2.289473684,Viernes,27,4,18,1,M,2,348,308,06/12/2013 21:46:12,F,0,1319,09/12/1988,0,12897,750,13647,0,152,14.0387,2,Pontificia Universidad Cat
[5] Usuario perdido,10.083333333,Martes,27,1,21,1,DEPORTES,4,121,107,23/10/2013 00:43:41,M,0,609,20/12/1988,0,1207,17800,19007,0,12,34.47,35,Pontificia Universidad Cat
[4] Usuario semanal constante,3.278260870,Viernes,26,4,13,1,IDEAS,10,377,330,11/10/2013 16:24:33,M,0,315,06/01/1989,0,20518,127400,147918,0,115,5.9089,243,Ninguna
[4] Usuario semanal constante,5.285714286,Domingo,26,6,13,1,VIDEOJUEGOS,3,148,124,20/10/2013 16:55:27,F,0,553,13/02/1989,0,7268,2250,9518,0,28,7.4851,7,Universidad de Santiago de Chile
[3] Semanal por un mes,3,Miércoles,26,2,18,1,M,2,42,36,08/01/2014 21:21:22,M,0,1466,31/03/1989,0,604,1100,1704,0,14,6.3749,2,Universidad San Sebasti
[5] Usuario perdido,8.222222222,Jueves,26,3,19,1,DEPORTES,1,148,34,27/06/2013 22:28:59,M,0,35,08/04/1989,1,46,15200,15246,0,18,20.0434,13,Pontificia Universidad Cat
[5] Usuario perdido,1.785714286,Jueves,26,3,17,1,CINE,2,25,17,10/10/2013 20:55:39,F,0,275,27/04/1989,0,807,950,1757,0,14,3.1735,6,Universidad del Desarrollo
[5] Usuario perdido,1.133333333,Martes,26,1,1,1,VIDEOJUEGOS,3,17,17,05/11/2013 04:12:37,F,0,846,11/05/1989,0,7,2250,2257,0,15,1.9704,6,Universidad del Pac
[4] Usuario semanal constante,6.777777778,Viernes,26,4,14,1,DEPORTES,2,61,15,18/10/2013 17:01:18,M,0,525,19/05/1989,0,11181,4800,15981,0,9,13.729,5,Universidad Tecnol
[3] Semanal por un mes,2.8,Martes,26,1,13,1,DEPORTES,3,42,35,22/10/2013 16:09:15,F,0,599,16/06/1989,0,855,2050,2905,0,15,8.5105,7,Universidad Nacional Andr
[5] Usuario perdido,7.125,Jueves,26,3,17,1,M,1,57,49,17/04/2014 20:30:11,M,0,2325,11/07/1989,0,2841,3000,5841,0,8,8.1491,2,Universidad T
[1] Diario por un mes,0.735294118,Sábado,26,5,23,1,VIDEOJUEGOS,2,25,25,12/01/2014 02:15:41,F,0,1539,30/08/1989,0,57,3500,3557,1,34,4.1123,7,Universidad de Concepci
[5] Usuario perdido,23,Lunes,26,0,11,1,IDEAS,3,253,253,11/11/2013 14:12:12,F,0,923,01/09/1989,0,1257,3650,4907,0,11,74.9027,8,"Universidad de Artes, Ciencias y Comunicaci"
[0] Diario por una semana,0.911764706,Domingo,26,6,21,1,DEPORTES,2,31,31,11/11/2013 00:57:53,F,0,920,03/09/1989,0,114,6200,6314,0,34,3.2654,13,Universidad T
[5] Usuario perdido,7.232558140,Miércoles,26,2,18,1,M,2,311,211,04/12/2013 21:22:03,M,0,1266,20/09/1989,0,12919,500,13419,1,43,12.4136,2,Universidad T
[4] Usuario semanal constante,6,Lunes,26,0,9,1,CINE,10,144,128,14/10/2013 12:36:09,F,0,386,19/10/1989,0,11586,10500,22086,0,24,23.6757,19,Universidad Mayor
[5] Usuario perdido,10.666666667,Jueves,26,3,9,1,CINE,5,96,96,17/10/2013 12:45:29,F,0,497,20/10/1989,0,175,3200,3375,0,9,30.2655,7,Universidad Mayor
[3] Semanal por un mes,1.538461538,Viernes,26,4,22,1,CINE,7,60,57,15/03/2014 01:34:29,F,0,2122,12/12/1989,0,507,28750,29257,3,39,2.6816,40,Pontificia Universidad Cat
[4] Usuario semanal constante,1.838709677,Lunes,26,0,1,1,IDEAS,9,114,114,23/12/2013 04:31:06,M,0,1417,30/12/1989,0,475,71650,72125,0,62,13.1305,99,Pontificia Universidad Cat
[5] Usuario perdido,0.333333333,Jueves,25,3,16,1,VIDEOJUEGOS,1,1,1,17/10/2013 19:37:20,M,0,508,01/01/1990,1,1624,6800,8424,0,3,0.5,1,Universidad de Chile
[5] Usuario perdido,1.833333333,Viernes,25,4,14,1,M,1,11,-20,18/10/2013 17:03:43,M,0,527,10/01/1990,0,314,800,1114,0,6,4.4,1,Universidad Tecnol
[3] Semanal por un mes,2.368421053,Lunes,25,0,20,1,M,3,45,39,09/12/2013 23:21:06,M,0,1349,01/02/1990,1,66,20350,20416,0,19,4.7052,15,Universidad T
[1] Diario por un mes,0.892857143,Martes,25,1,22,1,CINE,1,25,20,04/12/2013 01:45:56,F,0,1252,08/02/1990,0,704,8800,9504,0,28,1.0515,11,Universidad de Los Andes
[4] Usuario semanal constante,4.083333333,Miércoles,25,2,22,1,DEPORTES,4,147,147,28/11/2013 01:26:36,M,0,1159,20/02/1990,0,545,9150,9695,0,36,17.5675,47,Universidad de Chile
[5] Usuario perdido,0.25,Lunes,25,0,12,1,DEPORTES,2,3,2,11/11/2013 15:02:00,F,0,927,01/03/1990,0,272,1900,2172,0,12,0.4454,4,Universidad Diego Portales
[1] Diario por un mes,1,Martes,25,1,15,1,DEPORTES,1,25,24,22/10/2013 18:13:23,F,0,603,03/03/1990,0,168,8000,8168,0,25,4.5869,20,Universidad San Sebasti
[0] Diario por una semana,0.653846154,Sábado,25,5,12,1,VIAJES,5,34,21,26/10/2013 15:48:41,F,0,697,05/03/1990,0,137,10000,10137,0,52,3.1165,16,Pontificia Universidad Cat
[5] Usuario perdido,0.5,Viernes,25,4,12,1,MISC,3,1,-1,11/10/2013 15:41:13,F,1,310,13/03/1990,1,68,10850,10918,0,2,0,4,Pontificia Universidad Cat
[5] Usuario perdido,45.4,Domingo,25,6,20,1,MISC,1,227,-4,13/10/2013 23:34:28,F,0,356,31/03/1990,0,1385,250,1635,0,5,91.4969,1,Universidad Mayor
[5] Usuario perdido,2.6,Martes,25,1,20,1,CINE,2,26,3,15/10/2013 23:36:42,F,0,462,10/04/1990,0,3931,900,4831,0,10,4.4333,2,Universidad del Desarrollo
[5] Usuario perdido,7.14,Miércoles,25,2,17,1,IDEAS,10,357,256,03/07/2013 20:16:44,F,0,79,12/04/1990,0,9508,9150,18658,0,50,19.953,27,Universidad Tecnol
[4] Usuario semanal constante,4.270833333,Martes,25,1,15,1,VIAJES,3,205,182,15/10/2013 18:30:21,M,0,444,12/04/1990,0,519,4300,4819,0,48,22.4967,17,Universidad Nacional Andr
[1] Diario por un mes,0.388888889,Martes,25,1,0,1,MISC,5,7,7,26/11/2013 03:13:43,M,0,1124,26/04/1990,0,87,11250,11337,0,18,0.7715,26,Universidad del Pac
[4] Usuario semanal constante,6.629629630,Viernes,25,4,20,1,VIAJES,2,179,80,13/12/2013 23:40:36,M,0,1392,03/05/1990,0,46,9500,9546,0,27,18.8666,29,Pontificia Universidad Cat
[4] Usuario semanal constante,5.428571429,Jueves,25,3,17,1,DEPORTES,5,228,223,10/10/2013 20:33:45,F,0,274,17/05/1990,4,234,47450,47684,0,42,11.4722,39,Universidad del Desarrollo
[5] Usuario perdido,3,Jueves,25,3,17,1,M,1,21,21,09/01/2014 20:22:39,M,0,1503,28/08/1990,0,21,1500,1521,0,7,7.3881,5,Universidad Santo Tom
[5] Usuario perdido,1.411764706,Sábado,25,5,14,1,M,3,24,0,02/11/2013 17:13:54,M,0,820,29/08/1990,0,372,5350,5722,0,17,3.0208,6,Ninguna
[4] Usuario semanal constante,4.973333333,Domingo,25,6,22,1,VIAJES,11,373,342,02/12/2013 01:48:27,M,0,1214,29/08/1990,0,370,133300,133670,8,75,12.6592,459,Universidad del Desarrollo
[5] Usuario perdido,3.142857143,Martes,25,1,0,1,DEPORTES,8,22,14,15/10/2013 03:00:55,F,0,417,31/08/1990,0,475,5950,6425,0,7,4.9889,13,Universidad Mayor
[4] Usuario semanal constante,5.538461538,Domingo,25,6,0,1,VIAJES,11,360,354,08/12/2013 03:57:20,F,0,1329,02/09/1990,0,3586,18800,22386,0,65,13.8073,63,Universidad de Chile
[5] Usuario perdido,0.047619048,Viernes,25,4,20,1,M,1,4,4,14/03/2014 23:25:25,M,0,2120,05/09/1990,0,3249,1600,4849,0,84,0.2142,8,Universidad Tecnol
[3] Semanal por un mes,3,Martes,25,1,20,1,CINE,4,30,29,15/10/2013 23:38:23,F,0,463,07/09/1990,0,373,2750,3123,0,10,5.2281,7,Universidad del Desarrollo
[4] Usuario semanal constante,1.392857143,Sábado,25,5,20,1,VIAJES,10,234,232,19/10/2013 23:09:26,M,0,548,19/09/1990,0,439,47900,48339,5,168,8.5029,87,Universidad de La Frontera
[4] Usuario semanal constante,1.108695652,Domingo,25,6,17,1,IDEAS,3,102,99,13/10/2013 20:26:32,F,0,346,30/09/1990,1,731,298850,299581,1,92,4.4347,94,Pontificia Universidad Cat
[6] No capturado,0,Jueves,25,3,20,1,MISC,1,0,0,21/11/2013 23:16:27,F,0,1092,01/10/1990,0,475,300,775,0,5,0,2,Universidad del Desarrollo
[3] Semanal por un mes,4.090909091,Miércoles,25,2,14,1,IDEAS,2,45,0,12/02/2014 17:00:19,F,0,1611,04/10/1990,0,281,550,831,0,11,13.17,2,Universidad de Ciencias de la Inform
[5] Usuario perdido,8.464285714,Sábado,25,5,17,1,VIDEOJUEGOS,3,237,214,19/10/2013 20:09:47,F,0,546,20/10/1990,0,796,4400,5196,0,28,34.8471,11,Universidad Nacional Andr
[5] Usuario perdido,1.5,Martes,25,1,22,1,M,2,9,-13,30/10/2013 01:59:41,M,0,784,07/11/1990,0,75,4000,4075,0,6,2.4,7,Universidad del Desarrollo
[5] Usuario perdido,8.097560976,Viernes,25,4,18,1,IDEAS,1,332,295,25/10/2013 21:48:00,F,0,672,11/11/1990,0,11391,800,12191,0,41,15.8953,1,Universidad T
[5] Usuario perdido,27.75,Jueves,25,3,22,1,M,3,111,6,28/06/2013 01:34:16,F,0,45,15/11/1990,0,244,1450,1694,0,4,51.6204,4,Universidad Mayor
[5] Usuario perdido,1.111111111,Jueves,25,3,17,1,CINE,5,10,10,17/10/2013 20:08:11,M,0,514,18/11/1990,0,100,4950,5050,0,9,2.9475,19,Ninguna
[5] Usuario perdido,8,Viernes,25,4,15,1,VIDEOJUEGOS,3,144,134,18/10/2013 18:07:52,F,1,533,22/11/1990,0,66,41500,41566,0,18,19.0545,86,Pontificia Universidad Cat
[4] Usuario semanal constante,4.270270270,Jueves,25,3,2,1,IDEAS,2,158,156,05/12/2013 05:32:57,M,0,1280,05/12/1990,0,10458,15350,25808,0,37,11.9682,20,Universidad de Valpara
[5] Usuario perdido,2.3,Domingo,25,6,19,1,VIDEOJUEGOS,3,23,21,20/10/2013 22:40:50,F,0,568,10/12/1990,0,201,3550,3751,0,10,4.8559,10,Universidad del Pac
[4] Usuario semanal constante,3.340909091,Martes,25,1,5,1,IDEAS,4,147,133,15/10/2013 08:23:42,M,0,418,11/12/1990,1,108,55100,55208,0,44,12.0719,74,Universidad del Desarrollo
[3] Semanal por un mes,1.258064516,Domingo,25,6,20,1,VIDEOJUEGOS,2,39,22,17/11/2013 23:18:25,F,0,1059,20/12/1990,0,11,10800,10811,0,31,2.7465,25,Pontificia Universidad Cat
[3] Semanal por un mes,4.571428571,Jueves,25,3,19,1,MISC,4,32,32,26/12/2013 22:07:30,F,0,1426,21/12/1990,0,563,3300,3863,0,7,7.4312,5,Universidad San Sebasti
[5] Usuario perdido,10.470588235,Lunes,24,0,13,1,CINE,2,178,177,28/10/2013 16:08:06,M,0,748,07/01/1991,0,1072,3100,4172,0,17,12.1597,5,Universidad Santo Tom
[5] Usuario perdido,1.8,Lunes,24,0,0,1,MISC,2,9,-14,21/04/2014 03:57:10,M,0,2338,20/01/1991,0,347,1300,1647,0,5,2.7726,5,Universidad de Playa Ancha de Ciencias de la Educaci
[4] Usuario semanal constante,3.201834862,Sábado,24,5,19,1,M,10,349,340,12/10/2013 22:04:33,F,0,339,11/02/1991,0,8954,25900,34854,0,109,4.8297,102,Universidad Mayor
[5] Usuario perdido,0.1875,Martes,24,1,21,1,DEPORTES,3,3,2,27/11/2013 00:44:33,F,0,1130,15/02/1991,0,61,5300,5361,0,16,0.4,13,Pontificia Universidad Cat
[4] Usuario semanal constante,2,Jueves,24,3,13,1,M,5,118,118,09/01/2014 16:26:31,F,0,1482,16/02/1991,0,9,3900,3909,5,59,8.6522,5,Universidad de Playa Ancha de Ciencias de la Educaci
[4] Usuario semanal constante,5.136363636,Lunes,24,0,20,1,M,5,226,123,01/07/2013 23:14:03,F,0,73,25/02/1991,0,405,13950,14355,0,44,16.4233,34,Ninguna
[5] Usuario perdido,8.285714286,Domingo,24,6,22,1,M,9,174,174,21/10/2013 01:13:47,F,0,574,26/02/1991,0,293,23000,23293,0,21,23.1799,59,Pontificia Universidad Cat
[6] No capturado,0,Jueves,24,3,16,1,MISC,1,0,0,17/10/2013 19:12:32,F,0,502,08/03/1991,0,106,800,906,0,4,0,4,Universidad Tecnol
[0] Diario por una semana,0.885714286,Jueves,24,3,16,1,CINE,1,31,-21,10/10/2013 19:29:35,F,1,267,14/03/1991,0,386,5500,5886,0,35,3.1657,11,Universidad Adolfo Ib
[5] Usuario perdido,0.166666667,Lunes,24,0,22,1,DEPORTES,3,1,0,29/10/2013 01:20:52,F,0,760,15/03/1991,0,354,3050,3404,0,6,0.4,8,Pontificia Universidad Cat
[5] Usuario perdido,8.590909091,Martes,24,1,14,1,CINE,4,189,188,29/10/2013 17:37:22,M,0,767,05/04/1991,0,286,14150,14436,0,22,28.4186,26,Universidad del Desarrollo
[3] Semanal por un mes,2.333333333,Viernes,24,4,19,1,IDEAS,2,49,48,13/12/2013 22:50:35,F,0,1391,04/05/1991,0,3780,650,4430,0,21,7.039,2,Universidad de Santiago de Chile
[1] Diario por un mes,0.692307692,Domingo,24,6,16,1,M,3,9,7,10/11/2013 19:03:49,F,0,915,13/05/1991,0,268,8400,8668,0,13,1.2332,16,Universidad Adolfo Ib
[1] Diario por un mes,0.333333333,Viernes,24,4,17,1,VIAJES,4,19,17,15/11/2013 20:55:25,F,0,1039,17/05/1991,0,87,8200,8287,0,57,1.1994,26,Universidad de Chile
[5] Usuario perdido,6.75,Viernes,24,4,16,1,VIAJES,3,27,14,28/03/2014 19:38:49,F,0,2198,28/05/1991,0,109,2000,2109,0,4,11.3137,8,Pontificia Universidad Cat
[1] Diario por un mes,1,Jueves,24,3,16,1,DEPORTES,2,15,14,28/11/2013 19:18:31,F,0,1170,08/07/1991,0,72,4800,4872,0,15,2.0516,11,"Universidad de Artes, Ciencias y Comunicaci"
[4] Usuario semanal constante,1.138047138,Lunes,24,0,22,1,VIAJES,2,338,180,03/12/2013 01:10:07,F,0,1239,24/07/1991,0,47934,550,48484,0,297,6.1463,2,Ninguna
[4] Usuario semanal constante,2.578947368,Miércoles,24,2,14,1,VIAJES,1,343,342,20/11/2013 17:31:49,M,0,1081,23/09/1991,1,2601,10300,12901,0,133,24.2334,2,Ninguna
[5] Usuario perdido,17.666666667,Jueves,24,3,19,1,DEPORTES,3,159,-20,04/07/2013 22:24:51,F,0,102,04/10/1991,0,2768,1600,4368,0,9,37.0724,3,Universidad Nacional Andr
[6] No capturado,0,Jueves,24,3,22,1,MISC,2,0,-14,10/01/2014 01:36:46,F,0,1515,03/11/1991,0,80,1000,1080,0,1,-1,2,Universidad Tecnol
[3] Semanal por un mes,5.714285714,Viernes,24,4,13,1,DEPORTES,1,40,0,21/03/2014 16:20:45,F,0,2159,19/11/1991,0,503,1000,1503,0,7,13.6096,4,Universidad Santo Tom
[6] No capturado,0,Martes,24,1,8,1,M,1,0,-2,03/06/2014 11:43:54,M,0,2453,20/11/1991,0,45,750,795,0,1,-1,3,Ninguna
[4] Usuario semanal constante,5.454545455,Jueves,24,3,12,1,M,3,120,51,02/01/2014 15:36:57,M,0,1445,21/12/1991,0,747,3600,4347,0,22,11.6829,8,Ninguna
[5] Usuario perdido,0.4,Miércoles,23,2,14,1,DEPORTES,1,2,2,04/12/2013 17:58:01,M,0,1257,08/01/1992,0,11199,600,11799,0,5,0.866,1,Universidad Adolfo Ib
[5] Usuario perdido,14.2,Martes,23,1,17,1,MISC,2,142,142,15/10/2013 20:09:31,F,0,451,24/01/1992,0,352,2850,3202,0,10,19.2168,9,Universidad Aut
[5] Usuario perdido,2.25,Viernes,23,4,23,1,MISC,1,18,4,19/10/2013 02:47:21,F,0,543,24/01/1992,0,123,4050,4173,0,8,4.2714,27,Universidad Aut
[5] Usuario perdido,0.129032258,Domingo,23,6,19,1,VIDEOJUEGOS,2,4,0,30/06/2013 22:17:44,F,0,68,31/01/1992,0,4514,550,5064,0,31,0.5617,2,Ninguna
[4] Usuario semanal constante,4.38,Jueves,23,3,16,1,IDEAS,1,219,208,05/12/2013 19:29:48,F,0,1293,06/03/1992,1,45,10500,10545,0,50,20.5566,2,Universidad de Los Andes
[5] Usuario perdido,14.416666667,Jueves,23,3,15,1,VIDEOJUEGOS,1,173,40,02/01/2014 18:41:23,M,0,1448,17/03/1992,0,328,500,828,0,12,22.8596,2,Universidad Cat
[6] No capturado,0,Domingo,23,6,14,1,M,3,0,0,08/12/2013 17:48:35,F,0,1331,07/04/1992,0,513,1050,1563,0,6,0,3,Universidad Diego Portales
[5] Usuario perdido,2.5,Martes,23,1,12,1,CINE,6,15,15,15/10/2013 15:01:27,F,1,424,09/04/1992,0,462,7900,8362,0,6,1.6733,19,Universidad Adolfo Ib
[5] Usuario perdido,21.9,Miércoles,23,2,18,1,M,1,219,218,05/02/2014 21:44:45,M,0,1605,13/04/1992,0,663,1000,1663,0,10,68.4722,2,Universidad de Concepci
[3] Semanal por un mes,1.325,Viernes,23,4,21,1,CINE,4,53,53,12/10/2013 00:03:14,M,0,326,21/04/1992,0,239,27300,27539,0,40,6.3508,31,Universidad de La Serena
[6] No capturado,0,Miércoles,23,2,12,1,MISC,4,0,0,23/10/2013 15:43:12,F,0,624,04/05/1992,0,246,2200,2446,0,3,0,6,Universidad Diego Portales
[7] No interesado/No comprendió,,Miércoles,23,2,10,1,NA,2,-1,-1,16/10/2013 13:02:36,F,1,476,18/05/1992,0,0,300,300,0,0,-1,4,Universidad Adolfo Ib
[5] Usuario perdido,8.947368421,Martes,23,1,0,1,CINE,8,170,170,17/12/2013 03:47:56,F,0,1399,29/05/1992,0,160,5800,5960,1,19,28.866,16,Universidad Diego Portales
[5] Usuario perdido,12,Jueves,23,3,17,1,VIDEOJUEGOS,2,348,347,07/11/2013 20:34:05,F,0,888,13/06/1992,0,55942,1800,57742,0,29,60.0032,3,Universidad del Desarrollo
[5] Usuario perdido,1.076923077,Lunes,23,0,20,1,M,3,14,4,04/11/2013 23:14:02,M,0,841,04/07/1992,1,3195,17200,20395,0,13,1.5184,9,Universidad del Desarrollo
[6] No capturado,0,Domingo,23,6,12,1,VIDEOJUEGOS,1,0,-5,27/10/2013 15:27:46,M,0,725,08/07/1992,0,54,300,354,0,3,0,2,Universidad Cat
[4] Usuario semanal constante,1.619047619,Viernes,23,4,17,1,IDEAS,4,68,63,29/11/2013 20:52:19,F,0,1184,10/07/1992,0,8826,2100,10926,0,42,6.5912,6,Universidad T
[6] No capturado,0,Martes,23,1,13,1,MISC,2,0,-10,15/10/2013 16:42:48,F,1,433,17/07/1992,0,60,900,960,0,2,0,2,Pontificia Universidad Cat
[5] Usuario perdido,0.333333333,Martes,23,1,23,1,CINE,5,5,5,27/11/2013 02:38:23,F,0,1135,17/08/1992,0,2013,5850,7863,0,15,0.4792,13,Pontificia Universidad Cat
[1] Diario por un mes,0.228571429,Miércoles,23,2,12,1,M,2,24,2,04/12/2013 15:35:43,M,0,1256,19/08/1992,0,73,61600,61673,0,105,0.639,101,Universidad de Antofagasta
[5] Usuario perdido,15.65,Jueves,23,3,15,1,VIDEOJUEGOS,4,313,98,10/10/2013 18:47:17,F,1,264,20/08/1992,0,2639,1500,4139,0,20,49.3616,6,Universidad del Desarrollo
[5] Usuario perdido,1.285714286,Sábado,23,5,13,1,DEPORTES,2,18,18,22/03/2014 16:56:46,M,0,2166,23/08/1992,0,423,1150,1573,0,14,3.52,4,Universidad Central de Chile
[5] Usuario perdido,1.75,Martes,23,1,12,1,DEPORTES,2,28,13,15/10/2013 15:03:43,F,1,427,26/08/1992,1,4731,11900,16631,0,16,3.4998,6,Universidad del Desarrollo
[5] Usuario perdido,1.833333333,Lunes,23,0,14,1,CINE,1,11,2,31/03/2014 17:38:22,M,0,2212,28/08/1992,0,248,750,998,0,6,2.2271,3,Universidad del Desarrollo
[3] Semanal por un mes,2.642857143,Miércoles,23,2,18,1,CINE,3,37,37,16/10/2013 21:33:00,M,0,484,08/09/1992,0,168,3800,3968,0,14,3.4607,7,Universidad T
[5] Usuario perdido,1.25,Miércoles,23,2,16,1,DEPORTES,4,5,0,13/11/2013 19:56:04,F,0,975,21/09/1992,0,7,1550,1557,0,4,2.357,4,Pontificia Universidad Cat
[5] Usuario perdido,10.833333333,Domingo,23,6,2,1,VIDEOJUEGOS,4,65,65,06/10/2013 05:32:55,F,1,242,25/09/1992,0,2314,6500,8814,0,6,11.9666,18,Ninguna
[2] Usuario diario constante,0.729411765,Miércoles,23,2,23,1,IDEAS,4,62,46,21/11/2013 02:07:34,M,0,1088,14/10/1992,1,243,125750,125993,0,85,3.4919,309,Pontificia Universidad Cat
[6] No capturado,0,Lunes,23,0,22,1,DEPORTES,1,0,0,15/10/2013 01:45:09,F,0,412,27/10/1992,0,1199,1000,2199,0,5,0,2,Universidad del Desarrollo
[3] Semanal por un mes,2.380952381,Martes,23,1,1,1,IDEAS,4,50,50,18/03/2014 04:26:36,F,0,2137,03/11/1992,0,98,3350,3448,2,21,8.6284,14,Universidad Central de Chile
[4] Usuario semanal constante,2.913793103,Lunes,23,0,4,1,VIAJES,3,169,56,01/07/2013 07:51:37,F,0,70,24/11/1992,1,314,15250,15564,0,58,11.1102,11,Universidad de Valpara
[5] Usuario perdido,1.615384615,Miércoles,23,2,21,1,CINE,3,21,21,17/10/2013 00:10:27,F,1,488,01/12/1992,0,289,4950,5239,0,13,5.8041,14,Universidad del Desarrollo
[0] Diario por una semana,0.982758621,Jueves,23,3,17,1,CINE,5,57,56,29/05/2014 20:06:19,M,0,2447,29/12/1992,0,255,10950,11205,0,58,2.8284,49,Ninguna
[5] Usuario perdido,30.333333333,Sábado,22,5,14,1,VIDEOJUEGOS,1,182,17,06/07/2013 17:57:23,M,0,144,02/01/1993,0,225,400,625,0,6,61.1182,1,Pontificia Universidad Cat
[5] Usuario perdido,2,Domingo,22,6,17,1,CINE,2,8,-11,20/10/2013 20:01:56,F,0,557,07/01/1993,0,2576,1300,3876,0,4,3.0912,4,Pontificia Universidad Cat
[4] Usuario semanal constante,3.666666667,Martes,22,1,1,1,DEPORTES,5,77,77,17/12/2013 04:11:04,F,0,1401,25/02/1993,0,281,4650,4931,0,21,8.7251,12,Universidad Diego Portales
[0] Diario por una semana,0.854838710,Domingo,22,6,17,1,IDEAS,1,53,13,01/12/2013 20:52:48,F,0,1204,26/02/1993,1,102,11000,11102,0,62,4.9736,2,Pontificia Universidad Cat
[5] Usuario perdido,7.2,Lunes,22,0,12,1,M,2,36,36,28/10/2013 15:18:06,M,0,747,01/03/1993,0,438,1800,2238,0,5,15.5885,3,Universidad Nacional Andr
[5] Usuario perdido,8,Jueves,22,3,3,1,M,4,216,204,14/11/2013 06:00:21,F,0,995,19/03/1993,0,8097,1400,9497,1,27,13.4615,4,Universidad Diego Portales
[5] Usuario perdido,2.75,Domingo,22,6,23,1,DEPORTES,2,11,-214,02/12/2013 02:10:39,F,0,1215,26/03/1993,0,8,550,558,0,4,4.4969,2,Universidad de Los Andes
[3] Semanal por un mes,6.666666667,Miércoles,22,2,20,1,CINE,2,60,54,09/10/2013 23:10:09,F,1,255,29/03/1993,0,7217,700,7917,0,9,14.3265,2,Universidad del Desarrollo
[5] Usuario perdido,0.071428571,Miércoles,22,2,21,1,IDEAS,4,1,1,10/04/2014 00:13:20,M,0,2270,17/04/1993,0,93,5100,5193,0,14,0.2665,17,Universidad de Talca
[5] Usuario perdido,0.1875,Domingo,22,6,20,1,DEPORTES,4,6,6,24/11/2013 23:41:59,F,0,1119,21/04/1993,0,198,6600,6798,0,32,0.6435,16,Universidad del Pac
[4] Usuario semanal constante,5.878048780,Miércoles,22,2,0,1,M,11,241,241,13/11/2013 03:04:19,F,0,959,21/06/1993,0,6,8700,8706,0,41,18.6125,29,Universidad Diego Portales
[4] Usuario semanal constante,4.263157895,Viernes,22,4,12,1,VIDEOJUEGOS,2,81,80,09/05/2014 15:41:58,F,0,2402,24/06/1993,0,3041,2000,5041,0,19,10.0954,8,Universidad del Desarrollo
[5] Usuario perdido,9.380952381,Lunes,22,0,23,1,IDEAS,4,197,43,12/11/2013 02:54:30,F,0,939,26/06/1993,0,4735,9500,14235,4,21,28.1323,39,Universidad Diego Portales
[4] Usuario semanal constante,6.444444444,Miércoles,22,2,11,1,M,2,116,112,13/11/2013 14:05:22,F,0,965,12/07/1993,0,4116,1100,5216,0,18,18.4335,4,Universidad del Desarrollo
[6] No capturado,0,Miércoles,22,2,23,1,MISC,2,0,-195,07/11/2013 02:05:13,M,0,876,01/08/1993,0,41,11700,11741,0,5,0,31,Universidad Tecnol
[4] Usuario semanal constante,1.415094340,Viernes,22,4,11,1,CINE,3,75,73,09/05/2014 14:58:08,F,0,2401,14/08/1993,0,511,24750,25261,3,53,1.8853,98,Universidad Adolfo Ib
[1] Diario por un mes,0.235849057,Lunes,22,0,5,1,M,1,25,4,23/12/2013 08:22:07,M,0,1421,13/09/1993,0,7284,1200,8484,0,106,0.7108,2,Universidad Nacional Andr
[6] No capturado,0,Viernes,22,4,18,1,M,2,0,0,01/11/2013 21:35:02,F,0,814,15/09/1993,0,340,650,990,0,1,-1,2,Universidad Finis Terrae
[4] Usuario semanal constante,5.75,Miércoles,22,2,14,1,CINE,2,138,136,27/11/2013 17:32:53,M,0,1143,02/10/1993,0,363,7150,7513,0,24,19.0765,21,Universidad del Pac
[5] Usuario perdido,7.230769231,Jueves,22,3,16,1,CINE,1,188,184,12/12/2013 19:28:05,F,0,1377,08/10/1993,0,4151,300,4451,0,26,29.4335,2,Universidad Tecnol
[5] Usuario perdido,7.466666667,Miércoles,22,2,9,1,M,3,112,112,13/11/2013 12:55:19,F,0,963,13/10/1993,0,818,6500,7318,0,15,25.0428,15,Pontificia Universidad Cat
[5] Usuario perdido,15.727272727,Sábado,22,5,22,1,CINE,1,173,53,17/11/2013 01:30:43,F,0,1049,04/11/1993,0,1729,1250,2979,0,11,32.2864,5,Universidad Diego Portales
[5] Usuario perdido,0.666666667,Martes,22,1,12,1,CINE,1,6,-1,15/10/2013 15:02:14,M,1,425,08/11/1993,0,4350,200,4550,0,9,0.9682,1,Pontificia Universidad Cat
[1] Diario por un mes,0.619047619,Jueves,22,3,13,1,CINE,1,13,13,31/10/2013 16:50:32,M,0,805,17/11/1993,0,147,3200,3347,0,21,2.8333,8,Universidad de Chile
[6] No capturado,0,Martes,22,1,22,1,MISC,1,0,0,11/12/2013 01:48:47,M,0,1367,20/11/1993,0,222,150,372,0,4,0,1,Universidad Tecnol
[1] Diario por un mes,0.769230769,Sábado,22,5,13,1,DEPORTES,2,20,20,26/10/2013 16:43:44,F,0,700,28/11/1993,0,4,5300,5304,0,26,3.1623,12,Pontificia Universidad Cat
[1] Diario por un mes,0.363636364,Jueves,22,3,13,1,DEPORTES,2,8,8,31/10/2013 16:24:34,M,0,804,11/12/1993,0,981,6300,7281,0,22,1.2141,17,Universidad de Chile
[4] Usuario semanal constante,2.363636364,Lunes,21,0,22,1,VIAJES,1,208,207,03/12/2013 01:28:50,F,0,1241,11/02/1994,1,185,10400,10585,0,88,18.6044,1,Ninguna
[5] Usuario perdido,1.384615385,Jueves,21,3,16,1,IDEAS,1,18,17,28/11/2013 19:26:51,F,0,1171,12/02/1994,0,408,3500,3908,0,13,4.3875,7,Universidad del Pac
[4] Usuario semanal constante,4.692307692,Miércoles,21,2,22,1,DEPORTES,10,61,61,08/05/2014 01:07:30,F,0,2397,28/02/1994,0,447,6400,6847,0,13,12.1755,30,Universidad Finis Terrae
[5] Usuario perdido,0.105263158,Jueves,21,3,12,1,M,1,4,-5,05/12/2013 15:29:03,M,0,1283,12/03/1994,0,16,10000,10016,0,38,0.3879,20,Universidad Adolfo Ib
[5] Usuario perdido,3.125,Viernes,21,4,15,1,DEPORTES,2,25,25,25/10/2013 18:35:01,M,0,664,16/03/1994,0,54,550,604,0,8,8.7482,4,Ninguna
[6] No capturado,0,Jueves,21,3,19,1,MISC,1,0,-15,07/11/2013 22:00:49,M,0,889,25/03/1994,0,753,500,1253,0,4,0,1,Universidad Adolfo Ib
[1] Diario por un mes,0.5,Sábado,21,5,16,1,CINE,1,11,-18,22/02/2014 19:35:10,M,0,1891,31/03/1994,0,692,750,1442,1,22,2.3425,3,Ninguna
[6] No capturado,0,Jueves,21,3,17,1,VIAJES,1,0,0,07/11/2013 20:19:12,M,0,886,21/04/1994,0,311,2400,2711,0,55,0,3,Ninguna
[4] Usuario semanal constante,6.452380952,Viernes,21,4,19,1,VIAJES,6,271,270,15/11/2013 22:34:54,F,0,1040,27/04/1994,0,490,8200,8690,2,42,20.0425,18,Universidad Finis Terrae
[6] No capturado,0,Miércoles,21,2,22,1,DEPORTES,3,0,0,17/10/2013 01:19:16,F,0,492,04/05/1994,0,109,2600,2709,0,19,0,8,Ninguna
[4] Usuario semanal constante,5.15,Martes,21,1,16,1,CINE,6,206,206,15/10/2013 19:32:06,F,0,448,22/05/1994,0,22003,3500,25503,0,40,16.9236,14,Pontificia Universidad Cat
[5] Usuario perdido,0.2,Sábado,21,5,20,1,MISC,3,1,-3,30/11/2013 23:10:08,M,0,1196,23/05/1994,0,41,2250,2291,0,5,0.433,11,Universidad Tecnol
[4] Usuario semanal constante,3.989473684,Miércoles,21,2,21,1,IDEAS,8,379,360,07/11/2013 00:15:58,M,0,870,28/06/1994,0,34322,23700,58022,1,95,8.3174,58,Universidad Adolfo Ib
[6] No capturado,0,Domingo,21,6,23,1,VIDEOJUEGOS,1,0,0,31/03/2014 02:42:16,F,0,2207,07/07/1994,0,1635,300,1935,0,2,0,1,Universidad de Chile
[5] Usuario perdido,0.75,Martes,21,1,16,1,VIDEOJUEGOS,2,3,29,15/10/2013 19:59:53,F,1,449,03/08/1994,0,2314,1000,3314,0,4,1.4142,5,Ninguna
[2] Usuario diario constante,0.456204380,Lunes,21,0,15,1,VIAJES,7,125,125,04/11/2013 18:07:21,F,0,838,23/08/1994,0,291,35450,35741,0,274,2.9858,94,Universidad del Desarrollo
[4] Usuario semanal constante,1.087719298,Domingo,21,6,23,1,VIAJES,3,124,124,18/11/2013 02:11:20,F,0,1066,03/09/1994,1,2536,10900,13436,0,114,9.8097,3,Ninguna
[5] Usuario perdido,7.333333333,Lunes,21,0,12,1,CINE,1,22,0,11/11/2013 15:14:48,F,0,929,15/09/1994,0,1092,150,1242,0,3,11,1,Universidad Finis Terrae
[6] No capturado,0,Miércoles,21,2,22,1,MISC,2,0,-1,24/10/2013 01:23:41,F,1,647,06/10/1994,0,344,900,1244,0,2,0,2,Pontificia Universidad Cat
[5] Usuario perdido,8.375,Martes,21,1,18,1,DEPORTES,4,134,131,15/10/2013 21:35:56,M,0,456,26/10/1994,0,133,4900,5033,0,16,31.8297,11,Universidad de Talca
[5] Usuario perdido,12,Lunes,21,0,2,1,IDEAS,1,72,41,21/04/2014 05:26:25,M,0,2339,28/10/1994,0,234,600,834,0,6,16.6685,2,Ninguna
[4] Usuario semanal constante,1.760869565,Jueves,21,3,0,1,VIAJES,4,81,81,14/11/2013 03:25:02,F,0,990,31/10/1994,0,49,9250,9299,0,46,10.0964,22,Ninguna
[6] No capturado,0,Jueves,21,3,22,1,MISC,1,0,0,11/10/2013 01:35:22,F,1,290,29/11/1994,0,100,500,600,0,2,0,1,Universidad del Desarrollo
[5] Usuario perdido,0.151515152,Miércoles,21,2,23,1,DEPORTES,3,5,3,28/11/2013 02:12:48,F,0,1160,29/11/1994,0,89,5400,5489,0,33,0.4408,16,Ninguna
[4] Usuario semanal constante,3.421052632,Martes,20,1,20,1,VIAJES,1,195,168,18/03/2014 23:16:20,M,0,2143,09/01/1995,0,16918,48000,64918,0,57,13.1909,32,Universidad Adolfo Ib
[4] Usuario semanal constante,5.857142857,Jueves,20,3,10,1,CINE,6,123,123,14/11/2013 13:35:42,F,0,999,17/01/1995,0,564,4550,5114,0,21,15.4314,11,Universidad Diego Portales
[5] Usuario perdido,9.181818182,Domingo,20,6,21,1,MISC,1,101,99,14/10/2013 00:39:05,M,0,360,09/02/1995,0,1337,500,1837,0,11,22.0111,1,Universidad de Concepci
[5] Usuario perdido,7.210526316,Miércoles,20,2,20,1,DEPORTES,4,137,132,23/10/2013 23:53:40,F,0,645,20/02/1995,0,183,3500,3683,0,19,26.38,11,Universidad del Pac
[1] Diario por un mes,0.515151515,Sábado,20,5,14,1,CINE,1,17,17,12/10/2013 17:02:48,F,0,334,15/03/1995,0,136,9500,9636,0,33,1.2987,19,Ninguna
[4] Usuario semanal constante,5.709677419,Miércoles,20,2,2,1,VIAJES,4,354,353,13/11/2013 05:51:41,F,0,962,15/03/1995,0,22327,17600,39927,0,62,15.7228,51,Universidad Mayor
[2] Usuario diario constante,0.809954751,Jueves,20,3,0,1,VIAJES,2,179,179,28/11/2013 03:12:27,M,0,1161,01/04/1995,1,9368,6400,15768,0,221,7.6916,3,Ninguna
[4] Usuario semanal constante,4.105769231,Martes,20,1,15,1,IDEAS,5,427,385,15/10/2013 18:11:03,F,0,439,28/04/1995,0,17,13300,13317,0,104,23.8415,40,Ninguna
[4] Usuario semanal constante,5.615384615,Viernes,20,4,13,1,VIAJES,6,292,246,08/11/2013 16:30:20,M,0,901,11/07/1995,0,42141,34650,76791,0,52,10.6533,31,Ninguna
[5] Usuario perdido,1.8,Viernes,20,4,18,1,VIDEOJUEGOS,2,9,9,01/11/2013 21:18:08,F,0,813,27/07/1995,0,3669,900,4569,0,5,3.3448,2,Ninguna
[6] No capturado,0,Jueves,20,3,12,1,MISC,1,0,-1,09/01/2014 15:58:30,F,0,1473,18/08/1995,0,40,500,540,3,3,0,5,Ninguna
[5] Usuario perdido,3.428571429,Domingo,20,6,22,1,DEPORTES,1,24,24,14/10/2013 01:37:15,M,0,364,21/08/1995,0,469,2400,2869,0,7,8.0623,3,Ninguna
[5] Usuario perdido,0.056603774,Viernes,20,4,22,1,VIAJES,3,6,5,07/12/2013 01:20:46,F,0,1322,06/10/1995,0,30,12800,12830,0,106,0.4101,31,Universidad del Desarrollo
[6] No capturado,0,Domingo,20,6,17,1,VIAJES,3,0,-19,27/10/2013 20:09:49,F,0,733,21/10/1995,0,268,3100,3368,0,36,0,16,Ninguna
[5] Usuario perdido,0.136363636,Viernes,20,4,15,1,DEPORTES,2,3,3,08/11/2013 18:24:37,F,0,902,24/11/1995,0,1058,1400,2458,0,22,0.6389,3,Ninguna
[5] Usuario perdido,0.2,Sábado,20,5,12,1,DEPORTES,1,1,1,07/12/2013 15:14:47,F,0,1326,28/11/1995,0,467,300,767,0,5,0.433,2,Ninguna
[5] Usuario perdido,0.041666667,Miércoles,20,2,17,1,DEPORTES,1,1,1,27/11/2013 20:38:31,M,0,1151,19/12/1995,0,14508,2400,16908,0,24,0.2039,16,Ninguna
[1] Diario por un mes,0.521739130,Sábado,19,5,20,1,DEPORTES,1,12,10,02/11/2013 23:32:12,F,0,822,06/01/1996,0,433,4000,4433,0,23,1.2332,8,Ninguna
[5] Usuario perdido,0.05,Jueves,19,3,12,1,M,2,1,1,10/04/2014 15:05:51,M,0,2276,08/01/1996,0,618,1450,2068,0,20,0.2233,5,Universidad Tecnol
[6] No capturado,0,Lunes,19,0,21,1,M,3,0,0,19/11/2013 00:10:11,F,0,1074,17/01/1996,0,333,1600,1933,0,52,0,4,Ninguna
[4] Usuario semanal constante,3.065217391,Viernes,19,4,9,1,CINE,5,141,140,10/01/2014 12:58:04,F,0,1524,17/01/1996,0,43,2250,2293,0,46,20.7842,7,Ninguna
[5] Usuario perdido,0.2,Jueves,19,3,20,1,VIDEOJUEGOS,1,1,-6,09/01/2014 23:46:30,M,0,1510,19/07/1996,0,453,600,1053,0,5,0.433,1,Ninguna
[5] Usuario perdido,0.3,Jueves,19,3,15,1,CINE,3,3,-1,17/10/2013 18:42:04,M,0,501,14/09/1996,1,36,146550,146586,0,10,0.6667,13,Ninguna
[6] No capturado,0,Domingo,19,6,14,1,CINE,2,0,0,17/11/2013 17:08:32,F,0,1051,15/10/1996,0,28,1000,1028,0,15,0,5,Ninguna
[5] Usuario perdido,1.125,Miércoles,19,2,18,1,M,1,9,1,01/01/2014 21:13:11,M,0,1438,28/12/1996,0,1235,600,1835,0,8,2.0504,1,Ninguna
[3] Semanal por un mes,3.0625,Lunes,18,0,23,1,M,3,49,34,13/05/2014 02:42:31,F,0,2409,20/05/1997,0,5929,2250,8179,0,16,2.67,9,Ninguna
[5] Usuario perdido,8.962962963,Domingo,18,6,10,1,VIDEOJUEGOS,2,242,235,27/10/2013 13:33:04,M,0,719,09/08/1997,2,23277,28000,51277,0,27,22.1928,20,Ninguna
[4] Usuario semanal constante,3.944444444,Miércoles,18,2,12,1,CINE,6,142,135,06/11/2013 15:52:39,F,0,863,01/09/1997,1,200,15600,15800,0,36,12.8262,12,Ninguna
[4] Usuario semanal constante,5.25,Domingo,17,6,23,1,VIAJES,3,252,247,14/04/2014 02:43:34,M,0,2309,03/03/1998,0,1628,2800,4428,0,48,15.2321,3,Ninguna
[5] Usuario perdido,0.428571429,Martes,17,1,19,1,VIDEOJUEGOS,1,6,4,11/03/2014 22:41:10,M,0,2099,28/05/1998,0,412,250,662,0,14,1.0824,1,Ninguna
[5] Usuario perdido,12.190476190,Martes,16,1,17,1,VIAJES,3,256,243,15/10/2013 20:08:02,M,0,450,03/11/1999,0,117,2050,2167,0,21,44.0552,3,Ninguna
[5] Usuario perdido,1.666666667,Sábado,14,5,2,1,DEPORTES,1,15,11,26/10/2013 05:35:23,M,0,689,01/02/2001,0,189,150,339,0,9,3.9509,1,Ninguna
[5] Usuario perdido,1,Sábado,14,5,21,1,MISC,1,2,0,13/10/2013 00:32:53,F,0,341,12/06/2001,0,432,6000,6432,0,2,0,12,Ninguna
